{
  "model": "yolov8n",
  "description": "YOLOv8 Nano \u2014 3.2M params, ~8ms, baseline",
  "elapsed_minutes": 6.91,
  "map50": 0.8127861852461579,
  "map50_95": 0.5584297751105161,
  "precision": 0.9542167812719144,
  "recall": 0.7121760662016006
}